CustomerID,Gender,Age,Annual Income (k$),Spending Score (1-100)
1,Male,49,25,18
2,Female,56,32,82
3,Male,66,71,50
4,Male,69,79,17
5,Male,49,80,89
6,Female,21,20,18
7,Male,47,24,83
8,Male,54,52,56
9,Male,40,94,15
10,Female,56,80,77
11,Male,62,24,20
12,Male,32,28,92
13,Male,60,56,43
14,Male,46,94,18
15,Female,53,91,90
16,Male,30,15,31
17,Female,49,30,73
18,Female,24,56,52
19,Female,68,88,24
20,Male,39,94,82
21,Female,45,27,27
22,Male,19,26,79
23,Female,59,48,37
24,Female,62,88,11
25,Female,70,85,77
26,Female,23,15,22
27,Female,45,22,78
28,Female,45,49,47
29,Female,61,97,19
30,Female,61,89,71
31,Male,37,34,34
32,Male,47,33,84
33,Female,28,55,53
34,Female,45,94,12
35,Female,42,83,68
36,Male,56,15,33
37,Female,50,22,75
38,Male,18,56,37
39,Male,44,93,28
40,Male,69,88,95
41,Male,30,15,34
42,Male,58,20,67
43,Female,20,53,64
44,Female,56,87,10
45,Female,23,78,81
46,Female,25,15,9
47,Female,44,34,88
48,Male,26,54,46
49,Female,54,88,36
50,Female,50,88,89
51,Male,68,18,20
52,Female,59,28,79
53,Male,61,43,60
54,Female,41,84,34
55,Male,32,90,82
56,Female,49,22,19
57,Female,49,22,79
58,Male,41,60,46
59,Male,58,84,15
60,Male,69,91,93
61,Male,66,22,24
62,Male,66,21,85
63,Male,69,58,44
64,Male,29,77,8
65,Male,56,81,91
66,Female,19,29,16
67,Female,20,22,80
68,Male,66,55,57
69,Female,54,84,25
70,Female,66,84,88
71,Female,34,18,15
72,Female,66,36,86
73,Male,19,44,46
74,Female,19,95,8
75,Male,45,90,87
76,Female,40,15,19
77,Female,54,15,92
78,Female,49,53,56
79,Male,50,91,28
80,Female,18,83,83
81,Male,36,23,26
82,Female,19,31,74
83,Male,70,51,60
84,Female,61,75,30
85,Male,43,84,81
86,Male,49,15,19
87,Female,23,32,84
88,Male,49,57,50
89,Female,21,79,11
90,Female,28,83,85
91,Female,34,20,27
92,Female,55,27,78
93,Female,41,68,53
94,Female,22,85,32
95,Female,69,93,96
96,Female,51,19,27
97,Female,23,16,84
98,Female,39,54,39
99,Female,28,94,3
100,Male,65,74,84
101,Male,33,23,27
102,Female,50,29,89
103,Female,26,59,48
104,Female,23,87,15
105,Female,33,87,73
106,Female,46,22,19
107,Female,20,26,80
108,Female,37,40,42
109,Female,53,87,17
110,Male,36,87,84
111,Female,43,29,22
112,Male,20,23,65
113,Female,36,46,54
114,Female,37,94,30
115,Male,49,81,79
116,Female,24,21,36
117,Male,69,25,90
118,Female,58,56,59
119,Female,50,94,19
120,Male,57,79,79
121,Female,56,28,27
122,Male,35,22,75
123,Female,57,44,61
124,Male,18,93,16
125,Male,28,87,64
126,Female,45,17,30
127,Female,42,30,80
128,Male,67,54,56
129,Female,40,86,4
130,Female,48,85,85
131,Female,47,26,8
132,Male,59,24,77
133,Male,52,48,53
134,Male,24,92,15
135,Male,33,98,79
136,Male,43,17,16
137,Male,65,20,73
138,Male,69,46,48
139,Male,66,88,1
140,Male,19,85,82
141,Female,18,23,29
142,Male,65,30,73
143,Female,29,50,54
144,Female,22,84,8
145,Female,54,100,79
146,Male,49,16,2
147,Male,26,30,70
148,Male,58,55,57
149,Male,52,82,18
150,Female,36,95,62
151,Male,65,15,12
152,Male,33,23,77
153,Male,20,48,44
154,Male,37,83,15
155,Male,41,87,89
156,Female,50,26,25
157,Male,41,19,77
158,Female,69,69,58
159,Male,28,85,30
160,Female,66,83,76
161,Male,25,28,9
162,Male,53,15,85
163,Female,55,55,51
164,Female,57,85,16
165,Female,37,83,76
166,Male,52,17,16
167,Female,65,20,73
168,Male,42,39,55
169,Male,52,90,17
170,Female,42,87,84
171,Female,46,15,15
172,Male,35,28,79
173,Male,63,67,62
174,Female,35,93,11
175,Female,19,82,73
176,Female,52,21,1
177,Male,33,22,75
178,Male,58,45,56
179,Male,53,81,20
180,Male,50,102,69
181,Male,21,19,16
182,Male,50,21,84
183,Female,31,61,56
184,Male,38,83,37
185,Male,65,75,73
186,Male,37,21,20
187,Female,25,27,90
188,Male,24,54,50
189,Male,20,84,22
190,Female,34,84,79
191,Male,50,23,28
192,Male,65,15,80
193,Male,29,53,57
194,Male,68,86,28
195,Male,39,81,64
196,Female,39,26,13
197,Female,63,15,78
198,Female,47,53,56
199,Male,55,93,18
200,Male,55,80,84
