average_cost,rating,votes,delivery_time_min,discount_percent,cuisines_count,distance_km,seating_capacity,online_orders_count,reviews_count
1013,4.5,2364,45,40,3,6.0,90,476,350
1697,3.4,4542,51,0,4,5.5,107,521,198
1511,3.5,4665,56,40,1,8.2,80,1135,345
1749,3.4,3394,33,30,7,6.6,105,1041,61
749,3.1,2267,52,20,1,11.8,87,98,107
2195,4.1,3135,33,10,2,10.2,80,553,70
225,3.4,1967,17,15,6,5.1,101,707,235
1123,4.1,973,48,30,4,4.5,106,232,146
1726,3.4,1114,35,0,4,7.9,21,1062,243
1818,3.4,573,24,10,1,6.0,23,476,77
1086,3.0,2268,38,40,6,5.3,104,1083,207
882,4.9,1900,55,30,2,9.7,46,841,89
1878,2.6,1119,28,50,6,10.5,22,721,324
1058,3.8,601,53,40,7,10.1,115,987,93
627,3.8,624,46,50,2,7.5,111,1181,449
2238,2.7,1917,31,20,3,4.6,57,30,373
199,4.6,2979,53,30,5,10.1,70,783,199
2025,2.8,4941,38,50,2,4.8,47,207,89
773,4.0,925,23,30,5,3.6,16,1134,313
1680,2.7,601,29,20,4,4.4,113,380,216
2334,4.2,3189,34,40,7,9.3,13,787,187
521,4.6,2159,41,0,7,11.7,92,418,430
2099,4.2,3905,56,15,5,1.6,49,1159,271
2257,3.1,1850,35,10,3,8.1,62,883,126
1592,4.7,4643,29,20,5,9.4,19,38,49
1730,3.9,3262,57,50,6,6.2,73,1082,33
1423,3.4,1800,59,30,2,8.0,86,66,188
2473,4.5,4817,21,15,2,6.6,58,881,253
1812,3.1,2455,44,50,7,5.8,104,318,219
1793,4.4,4716,57,10,4,0.7,68,920,39
493,2.6,2947,37,40,4,7.7,85,834,152
2303,4.6,4268,18,15,4,5.5,105,830,408
1677,3.2,1671,23,20,1,9.5,101,696,34
2437,3.9,4465,52,50,1,4.9,34,202,306
1438,4.7,560,21,50,3,2.3,20,148,71
1129,4.9,4543,54,20,5,3.4,10,746,154
981,2.6,857,20,20,1,10.5,21,698,349
1056,4.7,4030,55,10,1,5.3,46,938,261
586,3.7,4694,39,0,2,8.0,56,969,444
1614,4.8,2150,27,0,1,3.6,86,1170,75
1576,3.8,402,21,15,1,4.7,115,348,326
1501,3.1,4054,20,40,3,7.0,10,323,86
662,4.1,1132,33,20,7,7.0,64,1101,434
512,3.6,2146,23,50,7,1.8,71,790,331
1314,4.0,2722,58,30,2,1.5,10,180,77
2471,3.7,4297,43,20,3,1.9,25,897,177
910,3.0,4418,36,10,2,4.8,90,671,151
2401,4.3,4642,57,50,1,7.2,56,768,32
1161,4.4,303,59,15,7,5.1,99,156,7
1637,4.6,344,54,10,6,9.6,48,366,194
2039,3.2,4282,53,40,5,9.5,25,676,339
1838,4.0,2494,56,40,1,9.9,31,723,385
569,2.7,3506,49,30,2,5.1,60,871,225
649,3.3,3464,31,40,7,2.2,108,213,219
2130,4.5,492,44,10,4,6.3,56,276,72
1789,4.6,3299,31,40,2,7.5,40,418,286
1450,4.6,4949,52,10,7,1.8,79,708,327
2028,4.2,3825,54,30,4,7.4,75,88,289
1968,4.7,3970,56,50,6,3.1,103,250,66
1673,3.5,2667,55,50,2,4.3,57,1154,42
197,2.9,2518,23,40,1,2.4,18,119,121
2412,2.9,3461,23,50,5,3.5,75,834,419
1311,3.0,3981,37,15,1,1.8,73,990,19
1171,2.5,3378,57,10,5,3.1,52,6,81
1859,3.0,317,53,40,7,7.5,103,911,313
1576,4.7,732,53,0,5,3.4,108,211,262
1744,4.3,4417,31,15,4,4.9,41,991,181
389,4.7,1621,32,0,7,2.6,51,717,49
2290,3.9,1872,37,0,1,4.4,70,312,86
1057,3.6,2413,30,10,5,11.5,24,662,76
544,3.3,2831,33,30,6,7.8,57,728,150
1652,3.4,1114,52,15,1,5.7,34,784,210
690,4.0,3765,17,40,3,8.3,71,962,173
153,4.4,2895,17,30,5,4.9,43,808,226
1001,2.8,176,46,40,7,9.4,35,296,408
1477,4.3,2724,29,50,4,9.3,33,856,299
1424,2.5,4677,21,50,5,2.8,83,133,55
2395,4.1,4285,55,10,2,8.7,58,575,283
782,3.6,31,20,15,3,8.5,88,367,117
1097,3.0,3434,49,20,7,7.7,34,668,108
2460,4.0,675,46,0,7,11.4,75,851,282
1277,2.5,1395,19,50,3,5.6,106,955,227
2427,4.5,3695,21,40,3,8.6,45,544,294
2269,3.8,985,35,50,3,3.7,67,759,183
507,3.4,405,33,30,2,2.8,26,303,404
1418,3.5,737,17,15,2,4.7,13,1160,239
1849,3.1,3716,38,0,5,3.3,67,253,26
2424,3.6,1259,38,20,7,5.1,31,666,313
601,4.9,2864,52,40,1,7.3,71,465,72
2024,4.3,1114,15,30,7,5.3,71,277,340
1635,3.8,3225,21,50,6,7.3,50,387,170
196,3.6,2839,54,40,7,5.6,84,859,184
1817,2.7,3709,44,50,3,6.5,64,444,70
1732,4.0,2976,48,20,4,5.4,28,281,351
2171,4.2,4371,33,30,5,8.4,58,675,109
2188,3.6,756,15,50,2,3.9,73,1000,296
947,4.1,337,16,10,6,11.4,96,35,419
528,4.3,3307,25,10,5,9.2,48,613,326
2219,2.9,4062,37,15,3,5.6,106,553,36
615,4.0,4099,17,50,2,6.0,77,150,287
1428,4.6,1013,53,40,4,10.6,26,769,437
1268,2.5,3028,27,40,7,10.1,27,191,372
861,4.4,4211,48,50,2,8.2,48,1156,449
938,4.8,364,30,50,3,1.8,119,807,416
2203,2.8,2383,57,0,7,11.9,59,429,184
2415,3.6,906,22,0,3,10.6,90,34,15
232,3.6,3514,16,10,4,4.7,70,784,410
1532,4.0,2865,19,40,1,4.3,81,426,144
1817,3.4,179,57,0,2,9.7,31,615,109
804,3.4,2668,54,20,4,1.2,25,968,125
711,3.2,77,16,15,4,11.7,18,997,19
1005,3.9,2465,20,50,7,8.8,66,534,137
2250,2.9,2615,18,20,1,0.8,79,685,271
403,4.8,3990,43,40,1,7.4,36,1074,282
2117,4.6,421,17,0,7,2.4,101,917,334
2119,2.8,1222,42,40,2,11.6,73,789,101
2478,4.2,4394,29,30,7,10.6,119,1063,130
1110,4.7,4010,27,30,7,8.2,21,610,197
1866,3.9,117,19,20,3,2.2,28,859,367
978,3.7,2684,38,50,3,3.2,11,944,257
1459,4.4,4666,28,30,1,1.0,33,25,197
190,2.9,4912,33,30,7,10.5,97,973,33
369,3.3,3864,51,40,2,5.1,62,1105,8
963,3.1,4480,19,40,7,7.6,26,153,164
759,3.1,1529,40,40,5,6.9,41,21,195
2094,4.3,532,37,50,1,2.1,17,242,202
1852,4.8,2832,55,20,7,1.0,74,567,78
1299,3.6,3566,22,30,4,7.7,51,443,39
2265,2.6,2454,57,30,7,9.6,33,63,122
961,3.9,121,17,50,4,2.8,74,796,100
2327,3.3,448,34,40,4,4.2,43,691,315
229,3.7,4554,34,50,2,9.4,98,445,118
1754,2.6,3013,19,0,2,7.5,47,850,327
1235,3.2,2400,58,20,6,5.6,101,416,437
2468,4.6,4854,40,20,3,10.9,25,1144,189
1586,3.5,4276,31,20,1,9.7,51,947,20
2087,3.9,4079,16,10,5,4.6,63,828,271
708,4.2,3007,17,10,3,3.7,101,602,439
1226,4.6,2494,24,20,5,6.6,13,165,197
294,4.5,2646,52,0,5,5.5,89,248,82
1116,4.3,3869,16,30,1,6.8,33,1030,197
1629,3.2,281,39,20,6,2.3,97,680,153
1770,3.2,4182,35,20,6,1.0,45,522,313
160,4.5,2218,32,40,7,10.7,63,1183,88
340,3.9,4783,36,20,1,11.5,41,303,296
2048,3.1,2338,48,50,7,4.1,18,687,10
2294,2.5,4936,56,40,7,2.0,105,17,417
1165,3.3,3550,59,50,7,3.0,59,921,432
2433,3.4,3146,51,0,7,9.9,91,1036,210
1160,4.4,151,53,20,3,9.1,72,354,172
